{
  "project_info": {
    "project_number": "405421018784",
    "firebase_url": "https://jannai-c78c5-default-rtdb.asia-southeast1.firebasedatabase.app",
    "project_id": "jannai-c78c5",
    "storage_bucket": "jannai-c78c5.firebasestorage.app"
  },
  "client": [
    {
      "client_info": {
        "mobilesdk_app_id": "1:405421018784:android:045f085563676914c683c5",
        "android_client_info": {
          "package_name": "com.jannani.pharmacy"
        }
      },
      "oauth_client": [],
      "api_key": [
        {
          "current_key": "AIzaSyDc3kOpRpKh0IJhiEzc7Q7vX2QIhaslsAA"
        }
      ],
      "services": {
        "appinvite_service": {
          "other_platform_oauth_client": []
        }
      }
    }
  ],
  "configuration_version": "1"
}